step,res,loss
0,16,0.6785627603530884
1,32,0.5799194574356079
2,16,0.6643653512001038
3,32,0.6558002233505249
4,16,0.7187988758087158
5,32,0.7043272256851196
6,16,0.6798681616783142
7,32,0.6237214207649231
8,16,0.5650614500045776
9,32,0.5745387077331543
10,16,0.5974708795547485
11,32,0.4925297498703003
12,16,0.5839860439300537
13,32,0.7267209887504578
14,16,0.6397173404693604
15,32,0.5274300575256348
16,16,0.5573270320892334
17,32,0.6094045042991638
18,16,0.5943613052368164
19,32,0.5525068044662476
20,16,0.700866162776947
21,32,0.5763822197914124
22,16,0.6057716608047485
23,32,0.6482638120651245
24,16,0.5423686504364014
25,32,0.4638535678386688
26,16,0.5639722347259521
27,32,0.6148900389671326
28,16,0.5509306192398071
29,32,0.571869432926178
30,16,0.5645436644554138
31,32,0.4865547716617584
32,16,0.6025358438491821
33,32,0.5474908947944641
34,16,0.5151917338371277
35,32,0.49155688285827637
36,16,0.5392168164253235
37,32,0.4339818060398102
38,16,0.5575523972511292
39,32,0.5707696080207825
40,16,0.5657615661621094
41,32,0.5488196611404419
42,16,0.5752328038215637
43,32,0.5435900092124939
44,16,0.5620023608207703
45,32,0.47489506006240845
46,16,0.5573142170906067
47,32,0.6399391889572144
48,16,0.5759016871452332
49,32,0.46274182200431824
50,16,0.5452180504798889
51,32,0.5456543564796448
52,16,0.5212419033050537
53,32,0.626867413520813
54,16,0.540391743183136
55,32,0.4940608739852905
56,16,0.5753467082977295
57,32,0.43683379888534546
58,16,0.5321617126464844
59,32,0.41483914852142334
60,16,0.5152590274810791
61,32,0.4472346007823944
62,16,0.5480877757072449
63,32,0.5960161089897156
64,16,0.5650072693824768
65,32,0.5744131803512573
66,16,0.5240804553031921
67,32,0.5937844514846802
68,16,0.5996108651161194
69,32,0.4769636392593384
70,16,0.54045569896698
71,32,0.4727364480495453
72,16,0.5832604169845581
73,32,0.502901017665863
74,16,0.5877653360366821
75,32,0.5859754085540771
76,16,0.49029991030693054
77,32,0.5492001175880432
78,16,0.5235283970832825
79,32,0.4458986520767212
80,16,0.49544572830200195
81,32,0.6007256507873535
82,16,0.5575243830680847
83,32,0.507002055644989
84,16,0.5755152702331543
85,32,0.43486496806144714
86,16,0.5636472105979919
87,32,0.5824800729751587
88,16,0.4991258382797241
89,32,0.4431478977203369
90,16,0.558411180973053
91,32,0.405962198972702
92,16,0.5168150067329407
93,32,0.45530515909194946
94,16,0.5270962119102478
95,32,0.5865231156349182
96,16,0.5645297169685364
97,32,0.5845676064491272
98,16,0.6052082180976868
99,32,0.5902284979820251
100,16,0.5086655616760254
101,32,0.4685574173927307
102,16,0.5700451731681824
103,32,0.48265787959098816
104,16,0.496207594871521
105,32,0.6385757327079773
106,16,0.5639704465866089
107,32,0.39813777804374695
108,16,0.5518198609352112
109,32,0.5127567052841187
110,16,0.49524903297424316
111,32,0.5782432556152344
112,16,0.5648936629295349
113,32,0.5181712508201599
114,16,0.5228444933891296
115,32,0.5467422604560852
116,16,0.5093990564346313
117,32,0.6551430225372314
118,16,0.49204930663108826
119,32,0.6236447095870972
120,16,0.5534777045249939
121,32,0.6574748754501343
122,16,0.5984004139900208
123,32,0.4399537742137909
124,16,0.5510382652282715
125,32,0.599327802658081
126,16,0.5415349006652832
127,32,0.582450270652771
128,16,0.5020188093185425
129,32,0.4688377380371094
130,16,0.5951806902885437
131,32,0.5440402626991272
132,16,0.5335030555725098
133,32,0.5718275904655457
134,16,0.5025995969772339
135,32,0.569912850856781
136,16,0.5583428144454956
137,32,0.5741986632347107
138,16,0.5285056829452515
139,32,0.485064834356308
140,16,0.5510491132736206
141,32,0.4312826097011566
142,16,0.5577183961868286
143,32,0.49462661147117615
144,16,0.5833833813667297
145,32,0.5300807952880859
146,16,0.5269771814346313
147,32,0.5495410561561584
148,16,0.5554957985877991
149,32,0.5709655284881592
150,16,0.5567319989204407
151,32,0.5011605024337769
152,16,0.5819697380065918
153,32,0.5825204253196716
154,16,0.5201061367988586
155,32,0.524409830570221
156,16,0.5484418869018555
157,32,0.5809659361839294
158,16,0.5927725434303284
159,32,0.6153091788291931
160,16,0.5891660451889038
161,32,0.3831941485404968
162,16,0.5636675357818604
163,32,0.5326656699180603
164,16,0.5545215010643005
165,32,0.475970059633255
166,16,0.5697218775749207
167,32,0.6070102453231812
168,16,0.5656196475028992
169,32,0.5170697569847107
170,16,0.5599561333656311
171,32,0.516217827796936
172,16,0.517582356929779
173,32,0.46533775329589844
174,16,0.4748730957508087
175,32,0.5749801993370056
176,16,0.5904660224914551
177,32,0.539893627166748
178,16,0.5700108408927917
179,32,0.5331122279167175
180,16,0.5462914705276489
181,32,0.7481021285057068
182,16,0.5330207943916321
183,32,0.48344457149505615
184,16,0.5773471593856812
185,32,0.5735077261924744
186,16,0.5536473393440247
187,32,0.4617520868778229
188,16,0.5724745988845825
189,32,0.4997119605541229
190,16,0.5412149429321289
191,32,0.5258187651634216
192,16,0.5011321902275085
193,32,0.5929839015007019
194,16,0.5343998074531555
195,32,0.583454430103302
196,16,0.5371400117874146
197,32,0.44443997740745544
198,16,0.5161741375923157
199,32,0.4261094033718109
200,16,0.5719664096832275
201,32,0.5550823211669922
202,16,0.5284337401390076
203,32,0.5536731481552124
204,16,0.4846495985984802
205,32,0.6231115460395813
206,16,0.5521530508995056
207,32,0.5376994609832764
208,16,0.5556987524032593
209,32,0.5884538888931274
210,16,0.5420612692832947
211,32,0.54086834192276
212,16,0.5586948394775391
213,32,0.5633510947227478
214,16,0.5614548325538635
215,32,0.6787763237953186
216,16,0.5498165488243103
217,32,0.6372590065002441
218,16,0.5256723761558533
219,32,0.5328788161277771
220,16,0.5391141772270203
221,32,0.5671176314353943
222,16,0.5115503668785095
223,32,0.6108605265617371
224,16,0.5385091304779053
225,32,0.5979943871498108
226,16,0.4738479554653168
227,32,0.49962225556373596
228,16,0.5675984025001526
229,32,0.588718593120575
230,16,0.5530089139938354
231,32,0.5642695426940918
232,16,0.5310860276222229
233,32,0.5266790986061096
234,16,0.5463589429855347
235,32,0.5412095189094543
236,16,0.5278049111366272
237,32,0.5242751240730286
238,16,0.553996741771698
239,32,0.5407899618148804
240,16,0.5277203321456909
241,32,0.6079158186912537
242,16,0.5291354656219482
243,32,0.48842719197273254
244,16,0.5632317066192627
245,32,0.5550282597541809
246,16,0.5405591130256653
247,32,0.5810558795928955
248,16,0.480074018239975
249,32,0.4764990508556366
250,16,0.527595043182373
251,32,0.5860641598701477
252,16,0.5496943593025208
253,32,0.42230767011642456
254,16,0.5456544160842896
255,32,0.43991997838020325
256,16,0.5086302161216736
257,32,0.5012330412864685
258,16,0.48348596692085266
259,32,0.5845833420753479
260,16,0.5251189470291138
261,32,0.4080734848976135
262,16,0.5895923972129822
263,32,0.5361320376396179
264,16,0.5431961417198181
265,32,0.663676917552948
266,16,0.502502977848053
267,32,0.5700837969779968
268,16,0.5760823488235474
269,32,0.5310705900192261
270,16,0.5361582040786743
271,32,0.5997622609138489
272,16,0.49982133507728577
273,32,0.5043007135391235
274,16,0.5453022122383118
275,32,0.544426441192627
276,16,0.5307139754295349
277,32,0.5590128302574158
278,16,0.5889986157417297
279,32,0.5382918119430542
280,16,0.5485875010490417
281,32,0.4898522198200226
282,16,0.598601758480072
283,32,0.599053680896759
284,16,0.589024007320404
285,32,0.5933212041854858
286,16,0.531330406665802
287,32,0.48575910925865173
288,16,0.5752659440040588
289,32,0.6548759341239929
290,16,0.5088354349136353
291,32,0.6393904685974121
292,16,0.5551838874816895
293,32,0.6065079569816589
294,16,0.517449676990509
295,32,0.5241599678993225
296,16,0.5602217316627502
297,32,0.5778692364692688
298,16,0.5847556591033936
299,32,0.5537923574447632
300,16,0.5325392484664917
301,32,0.6002178192138672
302,16,0.5360065698623657
303,32,0.5662095546722412
304,16,0.5062381029129028
305,32,0.43308722972869873
306,16,0.570182204246521
307,32,0.48223769664764404
308,16,0.523165225982666
309,32,0.5547870993614197
310,16,0.5371986627578735
311,32,0.4861069321632385
312,16,0.5533281564712524
313,32,0.5573809146881104
314,16,0.5313689112663269
315,32,0.5986103415489197
316,16,0.5184992551803589
317,32,0.47229209542274475
318,16,0.48892682790756226
319,32,0.5027250647544861
320,16,0.5617526173591614
321,32,0.5315330624580383
322,16,0.4943499267101288
323,32,0.5415182709693909
324,16,0.596230149269104
325,32,0.6431487202644348
326,16,0.5353874564170837
327,32,0.6037406921386719
328,16,0.5048441290855408
329,32,0.5835241675376892
330,16,0.5048001408576965
331,32,0.5309013724327087
332,16,0.5101766586303711
333,32,0.5070799589157104
334,16,0.530200183391571
335,32,0.41932687163352966
336,16,0.596666157245636
337,32,0.5075557827949524
338,16,0.5274379849433899
339,32,0.43938738107681274
340,16,0.5550397038459778
341,32,0.6765308976173401
342,16,0.5757032632827759
343,32,0.5868133306503296
344,16,0.549170732498169
345,32,0.5925788283348083
346,16,0.5374801754951477
347,32,0.5292484760284424
348,16,0.5396113395690918
349,32,0.6029912233352661
350,16,0.5055768489837646
351,32,0.5088595747947693
352,16,0.565136730670929
353,32,0.5327058434486389
354,16,0.5245031118392944
355,32,0.6196580529212952
356,16,0.4837132692337036
357,32,0.44960537552833557
358,16,0.5436657071113586
359,32,0.5847772359848022
360,16,0.5549505949020386
361,32,0.5721328258514404
362,16,0.5203530192375183
363,32,0.6182337403297424
364,16,0.5408454537391663
365,32,0.6125527024269104
366,16,0.5188777446746826
367,32,0.48835986852645874
368,16,0.556155264377594
369,32,0.5364969968795776
370,16,0.5199201703071594
371,32,0.6598654389381409
372,16,0.49286088347435
373,32,0.6506696343421936
374,16,0.557435929775238
375,32,0.4723871350288391
376,16,0.5826069116592407
377,32,0.5906692743301392
378,16,0.5425897836685181
379,32,0.5664377808570862
380,16,0.5574729442596436
381,32,0.5862341523170471
382,16,0.5263280868530273
383,32,0.5245295763015747
384,16,0.4833410382270813
385,32,0.4453135132789612
386,16,0.5433962345123291
387,32,0.6392790675163269
388,16,0.52337646484375
389,32,0.4936923682689667
390,16,0.6010801196098328
391,32,0.5443387031555176
392,16,0.5621147751808167
393,32,0.3341047465801239
394,16,0.500849723815918
395,32,0.634562611579895
396,16,0.50907963514328
397,32,0.5318694710731506
398,16,0.5673518180847168
399,32,0.7059661149978638
400,16,0.5160300731658936
401,32,0.4688979387283325
402,16,0.5481147766113281
403,32,0.38331982493400574
404,16,0.5319564938545227
405,32,0.47640684247016907
406,16,0.4763912856578827
407,32,0.5990259647369385
408,16,0.5313922762870789
409,32,0.4885147213935852
410,16,0.4950330853462219
411,32,0.4844083786010742
412,16,0.5510492920875549
413,32,0.42867574095726013
414,16,0.5543912053108215
415,32,0.5346775054931641
416,16,0.49085694551467896
417,32,0.6775762438774109
418,16,0.5553706884384155
419,32,0.5755171179771423
420,16,0.5348343253135681
421,32,0.5741235613822937
422,16,0.4786991775035858
423,32,0.3593336045742035
424,16,0.5727651715278625
425,32,0.5171828866004944
426,16,0.5012146234512329
427,32,0.5475944876670837
428,16,0.550796389579773
429,32,0.5921103954315186
430,16,0.5120602250099182
431,32,0.6328493356704712
432,16,0.5007154941558838
433,32,0.49853962659835815
434,16,0.4986361563205719
435,32,0.4480457603931427
436,16,0.5414631366729736
437,32,0.6232494115829468
438,16,0.5647996664047241
439,32,0.5100380778312683
440,16,0.5481706261634827
441,32,0.5788782238960266
442,16,0.5455040335655212
443,32,0.5825303196907043
444,16,0.55081707239151
445,32,0.5448812246322632
446,16,0.5279574394226074
447,32,0.6501986980438232
448,16,0.5754170417785645
449,32,0.4713315963745117
450,16,0.5229889154434204
451,32,0.4885377287864685
452,16,0.5291047692298889
453,32,0.5936841368675232
454,16,0.5263321995735168
455,32,0.5025426745414734
456,16,0.491994172334671
457,32,0.5348134636878967
458,16,0.5297303795814514
459,32,0.6023221015930176
460,16,0.5493919253349304
461,32,0.5520150065422058
462,16,0.5046178102493286
463,32,0.5916879177093506
464,16,0.5454756021499634
465,32,0.5511693358421326
466,16,0.5271579027175903
467,32,0.41435930132865906
468,16,0.4982675611972809
469,32,0.632269561290741
470,16,0.5896796584129333
471,32,0.5001242756843567
472,16,0.5286659598350525
473,32,0.5235080718994141
474,16,0.49424105882644653
475,32,0.6252202987670898
476,16,0.5311511754989624
477,32,0.6040111780166626
478,16,0.5200426578521729
479,32,0.5445670485496521
480,16,0.541732668876648
481,32,0.5491681098937988
482,16,0.5089938044548035
483,32,0.4026525616645813
484,16,0.4699474573135376
485,32,0.6324573159217834
486,16,0.535126268863678
487,32,0.6115899682044983
488,16,0.603205144405365
489,32,0.48870712518692017
490,16,0.4896301031112671
491,32,0.5329068899154663
492,16,0.5476391315460205
493,32,0.43070003390312195
494,16,0.4939711093902588
495,32,0.4844018518924713
496,16,0.5248761773109436
497,32,0.49667713046073914
498,16,0.5111743211746216
499,32,0.503109872341156
500,16,0.566803514957428
501,32,0.3811708092689514
502,16,0.5290822982788086
503,32,0.5756509900093079
504,16,0.5455990433692932
505,32,0.40059369802474976
506,16,0.570163369178772
507,32,0.41306033730506897
508,16,0.5237806439399719
509,32,0.5871751308441162
510,16,0.5253030061721802
511,32,0.5600624084472656
512,16,0.5222435593605042
513,32,0.5657029747962952
514,16,0.5527374744415283
515,32,0.4568580687046051
516,16,0.5324327945709229
517,32,0.43376800417900085
518,16,0.5263662338256836
519,32,0.4759880304336548
520,16,0.5289993286132812
521,32,0.38077783584594727
522,16,0.5260615944862366
523,32,0.5379809737205505
524,16,0.568326473236084
525,32,0.624298632144928
526,16,0.5085271596908569
527,32,0.6846123337745667
528,16,0.5342270731925964
529,32,0.5787029266357422
530,16,0.5338708758354187
531,32,0.45672520995140076
532,16,0.5197506546974182
533,32,0.4711284935474396
534,16,0.5381976366043091
535,32,0.46713384985923767
536,16,0.5877683162689209
537,32,0.5998125076293945
538,16,0.5411154627799988
539,32,0.4600704610347748
540,16,0.5709525346755981
541,32,0.6648010015487671
542,16,0.530673623085022
543,32,0.4990588128566742
544,16,0.5529030561447144
545,32,0.6058311462402344
546,16,0.4848955571651459
547,32,0.6199286580085754
548,16,0.5438963174819946
549,32,0.5603757500648499
550,16,0.5020400881767273
551,32,0.4291420876979828
552,16,0.5506877899169922
553,32,0.5604016184806824
554,16,0.4876578450202942
555,32,0.5134722590446472
556,16,0.536238431930542
557,32,0.5941510200500488
558,16,0.5252791047096252
559,32,0.4416521191596985
560,16,0.469668447971344
561,32,0.4471771717071533
562,16,0.4739733636379242
563,32,0.4668494164943695
564,16,0.5599618554115295
565,32,0.5107710957527161
566,16,0.5279641151428223
567,32,0.5200984477996826
568,16,0.5619775056838989
569,32,0.4527272880077362
570,16,0.5615506768226624
571,32,0.5308384299278259
572,16,0.5302310585975647
573,32,0.48904842138290405
574,16,0.5319203734397888
575,32,0.5766693949699402
576,16,0.5091288685798645
577,32,0.6184497475624084
578,16,0.554344654083252
579,32,0.5341252684593201
580,16,0.46769049763679504
581,32,0.6855053901672363
582,16,0.475051611661911
583,32,0.4575387239456177
584,16,0.54679274559021
585,32,0.4822666347026825
586,16,0.5317485332489014
587,32,0.5391198396682739
588,16,0.5640828013420105
589,32,0.5749571919441223
590,16,0.5417607426643372
591,32,0.5068141222000122
592,16,0.5277736186981201
593,32,0.527265727519989
594,16,0.5221757888793945
595,32,0.5339369773864746
596,16,0.4964616596698761
597,32,0.4951392710208893
598,16,0.5423591732978821
599,32,0.5783002376556396
600,16,0.49687618017196655
601,32,0.4553109109401703
602,16,0.5345341563224792
603,32,0.5689272284507751
604,16,0.4663796126842499
605,32,0.4853615164756775
606,16,0.5446211099624634
607,32,0.3327547609806061
608,16,0.5666433572769165
609,32,0.5043904185295105
610,16,0.5215930342674255
611,32,0.46254441142082214
612,16,0.5149170756340027
613,32,0.380795955657959
614,16,0.4691270887851715
615,32,0.5555735230445862
616,16,0.5417513847351074
617,32,0.562455952167511
618,16,0.574567437171936
619,32,0.5551084280014038
620,16,0.5054550170898438
621,32,0.5788912177085876
622,16,0.5659629702568054
623,32,0.5339997410774231
624,16,0.5845814943313599
625,32,0.6156460046768188
626,16,0.5581365823745728
627,32,0.5179589986801147
628,16,0.44642624258995056
629,32,0.6105315089225769
630,16,0.5618020296096802
631,32,0.5930126309394836
632,16,0.5690555572509766
633,32,0.5183351635932922
634,16,0.5844305157661438
635,32,0.5739951729774475
636,16,0.47236379981040955
637,32,0.5435537695884705
638,16,0.5653894543647766
639,32,0.5059061050415039
640,16,0.5825426578521729
641,32,0.4784187078475952
642,16,0.5546311736106873
643,32,0.579343318939209
644,16,0.5108311772346497
645,32,0.6210771799087524
646,16,0.5623044967651367
647,32,0.563619077205658
648,16,0.5267617702484131
649,32,0.4827880561351776
650,16,0.5443903803825378
651,32,0.4904137849807739
652,16,0.524880588054657
653,32,0.5487529635429382
654,16,0.5541768074035645
655,32,0.5165114402770996
656,16,0.5135911107063293
657,32,0.5138628482818604
658,16,0.5323734283447266
659,32,0.5478784441947937
660,16,0.5859968662261963
661,32,0.5429763793945312
662,16,0.5721336603164673
663,32,0.5069834589958191
664,16,0.5403633713722229
665,32,0.44082266092300415
666,16,0.542692244052887
667,32,0.6294028162956238
668,16,0.5074223279953003
669,32,0.5113984942436218
670,16,0.518543541431427
671,32,0.5831590890884399
672,16,0.5196529626846313
673,32,0.6232429146766663
674,16,0.5645392537117004
675,32,0.38494017720222473
676,16,0.5238394737243652
677,32,0.4955120086669922
678,16,0.4881422519683838
679,32,0.5099049210548401
680,16,0.5048149824142456
681,32,0.5329347252845764
682,16,0.5324226021766663
683,32,0.6530197858810425
684,16,0.552634060382843
685,32,0.5283695459365845
686,16,0.570859432220459
687,32,0.6044391989707947
688,16,0.5229064226150513
689,32,0.49193134903907776
690,16,0.595397412776947
691,32,0.673345685005188
692,16,0.5488906502723694
693,32,0.5548258423805237
694,16,0.554785966873169
695,32,0.5846633315086365
696,16,0.49206918478012085
697,32,0.4718732237815857
698,16,0.5314074754714966
699,32,0.6342381238937378
700,16,0.5080993175506592
701,32,0.6503101587295532
702,16,0.46991631388664246
703,32,0.5503141283988953
704,16,0.49660465121269226
705,32,0.5208754539489746
706,16,0.558665931224823
707,32,0.46515363454818726
708,16,0.5024452805519104
709,32,0.5639126300811768
710,16,0.49437862634658813
711,32,0.6241973042488098
712,16,0.5562009811401367
713,32,0.4942197799682617
714,16,0.5613865256309509
715,32,0.530147135257721
716,16,0.5227318406105042
717,32,0.5563324689865112
718,16,0.5369237661361694
719,32,0.5551166534423828
720,16,0.538384199142456
721,32,0.42214736342430115
722,16,0.49627208709716797
723,32,0.4717625677585602
724,16,0.5934314727783203
725,32,0.5284681916236877
726,16,0.5645003914833069
727,32,0.5210880637168884
728,16,0.45478808879852295
729,32,0.49415844678878784
730,16,0.513769268989563
731,32,0.5075566172599792
732,16,0.5599236488342285
733,32,0.42352649569511414
734,16,0.5313025116920471
735,32,0.6616669297218323
736,16,0.4650409519672394
737,32,0.5809630155563354
738,16,0.6019682884216309
739,32,0.5580581426620483
740,16,0.5173649787902832
741,32,0.4656085669994354
742,16,0.5239084959030151
743,32,0.5510420799255371
744,16,0.5427595376968384
745,32,0.49255800247192383
746,16,0.5139878392219543
747,32,0.4993964731693268
748,16,0.5209205150604248
749,32,0.5627412796020508
750,16,0.5674086809158325
751,32,0.45216482877731323
752,16,0.5741992592811584
753,32,0.5528720617294312
754,16,0.5329610705375671
755,32,0.5305479764938354
756,16,0.514674723148346
757,32,0.49670788645744324
758,16,0.5822171568870544
759,32,0.5298287868499756
760,16,0.5495879054069519
761,32,0.4669716954231262
762,16,0.5622349381446838
763,32,0.5437357425689697
764,16,0.5602831244468689
765,32,0.5845950245857239
766,16,0.5018326640129089
767,32,0.45362389087677
768,16,0.4987780451774597
769,32,0.4297451972961426
770,16,0.5072634816169739
771,32,0.4781937301158905
772,16,0.4826940894126892
773,32,0.4771690368652344
774,16,0.5068771839141846
775,32,0.5346917510032654
776,16,0.5036089420318604
777,32,0.5275912880897522
778,16,0.5522242188453674
779,32,0.43496638536453247
780,16,0.5713439583778381
781,32,0.5175845623016357
782,16,0.4873233437538147
783,32,0.660214364528656
784,16,0.5013217329978943
785,32,0.4723830819129944
786,16,0.4966590404510498
787,32,0.46349966526031494
788,16,0.5959885716438293
789,32,0.5052663683891296
790,16,0.4546542465686798
791,32,0.5767962336540222
792,16,0.5896843671798706
793,32,0.6006211042404175
794,16,0.5236477851867676
795,32,0.510169506072998
796,16,0.4830614924430847
797,32,0.5941383242607117
798,16,0.5466085076332092
799,32,0.45934292674064636
800,16,0.5326237678527832
801,32,0.5722123384475708
802,16,0.5379825234413147
803,32,0.46583646535873413
804,16,0.5043060779571533
805,32,0.5128358602523804
806,16,0.5212157368659973
807,32,0.5338113903999329
808,16,0.5852310657501221
809,32,0.5227397680282593
810,16,0.5189854502677917
811,32,0.35325753688812256
812,16,0.4942518472671509
813,32,0.5170980095863342
814,16,0.5303938388824463
815,32,0.37243834137916565
816,16,0.5633100867271423
817,32,0.5225458741188049
818,16,0.4935690462589264
819,32,0.5393309593200684
820,16,0.49746739864349365
821,32,0.5221684575080872
822,16,0.5594568848609924
823,32,0.485787034034729
824,16,0.5344538688659668
825,32,0.46868929266929626
826,16,0.5297399163246155
827,32,0.4278528094291687
828,16,0.49611979722976685
829,32,0.5412629246711731
830,16,0.5446595549583435
831,32,0.4673152267932892
832,16,0.5419862270355225
833,32,0.4318656325340271
834,16,0.5542302131652832
835,32,0.5316214561462402
836,16,0.4649420976638794
837,32,0.554881751537323
838,16,0.5525274276733398
839,32,0.5304132699966431
840,16,0.4780075252056122
841,32,0.519157886505127
842,16,0.5765119791030884
843,32,0.48418954014778137
844,16,0.5781735181808472
845,32,0.5050081610679626
846,16,0.4878065586090088
847,32,0.47230517864227295
848,16,0.5101679563522339
849,32,0.45817843079566956
850,16,0.5382049083709717
851,32,0.5109479427337646
852,16,0.5168463587760925
853,32,0.5302130579948425
854,16,0.537658154964447
855,32,0.6178374886512756
856,16,0.5257065296173096
857,32,0.41935253143310547
858,16,0.533575177192688
859,32,0.561352014541626
860,16,0.5015488862991333
861,32,0.45317012071609497
862,16,0.46587008237838745
863,32,0.471658855676651
864,16,0.5554829239845276
865,32,0.5574654936790466
866,16,0.48880448937416077
867,32,0.565665066242218
868,16,0.49956536293029785
869,32,0.5328895449638367
870,16,0.5173107981681824
871,32,0.49902039766311646
872,16,0.4659782350063324
873,32,0.45053234696388245
874,16,0.5002462863922119
875,32,0.6010643243789673
876,16,0.5056059956550598
877,32,0.48158273100852966
878,16,0.5358891487121582
879,32,0.45665547251701355
880,16,0.507135272026062
881,32,0.4089416265487671
882,16,0.4942428171634674
883,32,0.5189562439918518
884,16,0.5116033554077148
885,32,0.3973756432533264
886,16,0.47714096307754517
887,32,0.3461030423641205
888,16,0.5190533995628357
889,32,0.5097012519836426
890,16,0.4913058578968048
891,32,0.5086177587509155
892,16,0.5172714591026306
893,32,0.481904536485672
894,16,0.4806351661682129
895,32,0.6109082698822021
896,16,0.5175402760505676
897,32,0.6042696833610535
898,16,0.5569395422935486
899,32,0.4034554958343506
900,16,0.5013691782951355
901,32,0.49723169207572937
902,16,0.5383144617080688
903,32,0.5002010464668274
904,16,0.5174092054367065
905,32,0.5763413310050964
906,16,0.49337467551231384
907,32,0.37818893790245056
908,16,0.5239179134368896
909,32,0.5108817219734192
910,16,0.45009079575538635
911,32,0.4787364900112152
912,16,0.5687450766563416
913,32,0.4923694133758545
914,16,0.5379493832588196
915,32,0.4120200574398041
916,16,0.51021808385849
917,32,0.5946881175041199
918,16,0.5065170526504517
919,32,0.599200427532196
920,16,0.5102447271347046
921,32,0.5195481777191162
922,16,0.5247673392295837
923,32,0.5284574627876282
924,16,0.4872782528400421
925,32,0.6421709060668945
926,16,0.5506019592285156
927,32,0.4582071006298065
928,16,0.4946287274360657
929,32,0.5167304873466492
930,16,0.46843013167381287
931,32,0.5886546969413757
932,16,0.566119909286499
933,32,0.40371429920196533
934,16,0.5486727952957153
935,32,0.45844924449920654
936,16,0.4709741175174713
937,32,0.4920581579208374
938,16,0.4975288212299347
939,32,0.42769330739974976
940,16,0.544065535068512
941,32,0.44706428050994873
942,16,0.5141132473945618
943,32,0.518888533115387
944,16,0.5038915276527405
945,32,0.4247630834579468
946,16,0.5271705985069275
947,32,0.5737014412879944
948,16,0.5082529783248901
949,32,0.4363482594490051
950,16,0.5115284323692322
951,32,0.5257043242454529
952,16,0.5142205953598022
953,32,0.645531177520752
954,16,0.5207493901252747
955,32,0.5454361438751221
956,16,0.4962320327758789
957,32,0.4402318596839905
958,16,0.5202156901359558
959,32,0.3980926275253296
960,16,0.5443265438079834
961,32,0.5846933126449585
962,16,0.5249381065368652
963,32,0.4444303810596466
964,16,0.48290759325027466
965,32,0.5544905662536621
966,16,0.5105701088905334
967,32,0.5425071120262146
968,16,0.554057240486145
969,32,0.44724562764167786
970,16,0.5492251515388489
971,32,0.39441466331481934
972,16,0.5159279704093933
973,32,0.47641539573669434
974,16,0.5521252751350403
975,32,0.434650719165802
976,16,0.5088517069816589
977,32,0.3534497022628784
978,16,0.49887046217918396
979,32,0.5477412343025208
980,16,0.5419355630874634
981,32,0.6213165521621704
982,16,0.46109968423843384
983,32,0.37868061661720276
984,16,0.5184385776519775
985,32,0.436084508895874
986,16,0.5052613019943237
987,32,0.4412936866283417
988,16,0.5327888131141663
989,32,0.48603683710098267
990,16,0.4556308388710022
991,32,0.553815484046936
992,16,0.5432022213935852
993,32,0.45822519063949585
994,16,0.5071356892585754
995,32,0.4447268545627594
996,16,0.4735017716884613
997,32,0.46388551592826843
998,16,0.5299020409584045
999,32,0.5061882138252258
1000,16,0.5607008337974548
1001,32,0.3492933511734009
1002,16,0.4972235858440399
1003,32,0.4314962923526764
1004,16,0.5209728479385376
1005,32,0.6105332374572754
1006,16,0.5109882950782776
1007,32,0.40309762954711914
1008,16,0.5112631916999817
1009,32,0.5542593002319336
1010,16,0.45651838183403015
1011,32,0.39014220237731934
1012,16,0.47526460886001587
1013,32,0.5164132714271545
1014,16,0.46320927143096924
1015,32,0.3790419101715088
1016,16,0.5006348490715027
1017,32,0.5684327483177185
1018,16,0.45533210039138794
1019,32,0.5383383631706238
1020,16,0.5236889719963074
1021,32,0.36409804224967957
1022,16,0.5022461414337158
1023,32,0.5526391267776489
1024,16,0.5251266956329346
1025,32,0.45965081453323364
1026,16,0.495952308177948
1027,32,0.469661682844162
1028,16,0.5259175300598145
1029,32,0.47832781076431274
1030,16,0.4886503219604492
1031,32,0.5971785187721252
1032,16,0.4851366877555847
1033,32,0.4604297876358032
1034,16,0.4010923206806183
1035,32,0.5395267009735107
1036,16,0.5466988682746887
1037,32,0.42138442397117615
1038,16,0.5532408356666565
1039,32,0.43287375569343567
1040,16,0.47048038244247437
1041,32,0.44511258602142334
1042,16,0.46281710267066956
1043,32,0.4125686585903168
1044,16,0.46749424934387207
1045,32,0.4976477324962616
1046,16,0.44090405106544495
1047,32,0.45506173372268677
1048,16,0.45396196842193604
1049,32,0.4581592082977295
1050,16,0.475384920835495
1051,32,0.40243837237358093
1052,16,0.48592567443847656
1053,32,0.5082031488418579
1054,16,0.4886355400085449
1055,32,0.45715975761413574
1056,16,0.5590386986732483
1057,32,0.5969862937927246
1058,16,0.5596861839294434
1059,32,0.42698076367378235
1060,16,0.4340803921222687
1061,32,0.44217023253440857
1062,16,0.45730680227279663
1063,32,0.5029700994491577
1064,16,0.45830661058425903
1065,32,0.552501916885376
1066,16,0.4859681725502014
1067,32,0.506000816822052
1068,16,0.4996020793914795
1069,32,0.5628842711448669
1070,16,0.526599645614624
1071,32,0.4828042984008789
1072,16,0.48342230916023254
1073,32,0.43963268399238586
1074,16,0.4860715866088867
1075,32,0.3771561086177826
1076,16,0.4914949834346771
1077,32,0.5195072889328003
1078,16,0.5456612706184387
1079,32,0.4338136613368988
1080,16,0.5052782297134399
1081,32,0.4706827998161316
1082,16,0.5467275381088257
1083,32,0.5624871253967285
1084,16,0.49679678678512573
1085,32,0.5579575300216675
1086,16,0.5176940560340881
1087,32,0.5204898715019226
1088,16,0.4999716579914093
1089,32,0.4911158084869385
1090,16,0.5353615283966064
1091,32,0.5376325249671936
1092,16,0.5185807347297668
1093,32,0.47317272424697876
1094,16,0.4931555986404419
1095,32,0.45749714970588684
1096,16,0.49774977564811707
1097,32,0.5392515063285828
1098,16,0.5331965088844299
1099,32,0.46166354417800903
1100,16,0.4878646433353424
1101,32,0.46201449632644653
1102,16,0.4967888295650482
1103,32,0.563144326210022
1104,16,0.5011651515960693
1105,32,0.42711231112480164
1106,16,0.5496267080307007
1107,32,0.4817754924297333
1108,16,0.47789686918258667
1109,32,0.5338625907897949
1110,16,0.5063301920890808
1111,32,0.45079344511032104
1112,16,0.5020209550857544
1113,32,0.521139919757843
1114,16,0.5334901809692383
1115,32,0.5553816556930542
1116,16,0.5214086174964905
1117,32,0.6012035608291626
1118,16,0.49884989857673645
1119,32,0.5268260836601257
1120,16,0.5473243594169617
1121,32,0.517909049987793
1122,16,0.5205180048942566
1123,32,0.4423084855079651
1124,16,0.5382876396179199
1125,32,0.42170435190200806
1126,16,0.52041095495224
1127,32,0.47363272309303284
1128,16,0.48911410570144653
1129,32,0.3101271688938141
1130,16,0.5269066691398621
1131,32,0.5576725602149963
1132,16,0.5006479620933533
1133,32,0.4819304347038269
1134,16,0.5217353701591492
1135,32,0.4554380476474762
1136,16,0.4838680326938629
1137,32,0.5452688932418823
1138,16,0.5162789821624756
1139,32,0.4353833496570587
1140,16,0.5067164897918701
1141,32,0.5049944519996643
1142,16,0.48866555094718933
1143,32,0.5254352688789368
1144,16,0.5130959749221802
1145,32,0.4832497835159302
1146,16,0.5241609215736389
1147,32,0.5130335688591003
1148,16,0.5144667625427246
1149,32,0.4856140911579132
1150,16,0.45618492364883423
1151,32,0.5472851395606995
1152,16,0.4750593900680542
1153,32,0.3868013024330139
1154,16,0.5153509378433228
1155,32,0.5264812707901001
1156,16,0.5122990012168884
1157,32,0.54175865650177
1158,16,0.5493115782737732
1159,32,0.44220981001853943
1160,16,0.4806225299835205
1161,32,0.3898228406906128
1162,16,0.47735023498535156
1163,32,0.4559202790260315
1164,16,0.48301950097084045
1165,32,0.49436837434768677
1166,16,0.5057308077812195
1167,32,0.542792022228241
1168,16,0.553078830242157
1169,32,0.5686439871788025
1170,16,0.46585431694984436
1171,32,0.35147014260292053
1172,16,0.5179314017295837
1173,32,0.539240837097168
1174,16,0.5334646105766296
1175,32,0.4575496017932892
1176,16,0.5620715022087097
1177,32,0.3987371027469635
1178,16,0.5045434236526489
1179,32,0.6382929682731628
1180,16,0.5053198933601379
1181,32,0.5282131433486938
1182,16,0.5033054947853088
1183,32,0.43571966886520386
1184,16,0.5008549690246582
1185,32,0.4691304862499237
1186,16,0.5113705992698669
1187,32,0.5414245128631592
1188,16,0.4939883351325989
1189,32,0.4621341824531555
1190,16,0.5000450015068054
1191,32,0.5023745894432068
1192,16,0.4939451515674591
1193,32,0.471523642539978
1194,16,0.4778144657611847
1195,32,0.46468955278396606
1196,16,0.5310140252113342
1197,32,0.45289021730422974
1198,16,0.5010161995887756
1199,32,0.43110191822052
1200,16,0.47698354721069336
1201,32,0.5121361017227173
1202,16,0.4979551136493683
1203,32,0.5344457626342773
1204,16,0.5190842151641846
1205,32,0.41777461767196655
1206,16,0.46927347779273987
1207,32,0.44112256169319153
1208,16,0.4794408679008484
1209,32,0.5019791126251221
1210,16,0.49223557114601135
1211,32,0.5908173322677612
1212,16,0.5194527506828308
1213,32,0.5268215537071228
1214,16,0.49247774481773376
1215,32,0.5149005651473999
1216,16,0.5356354117393494
1217,32,0.5047040581703186
1218,16,0.5187441110610962
1219,32,0.4851921796798706
1220,16,0.49519023299217224
1221,32,0.5098522305488586
1222,16,0.47282737493515015
1223,32,0.4842744469642639
1224,16,0.4855995178222656
1225,32,0.595614492893219
1226,16,0.46669185161590576
1227,32,0.5685389637947083
1228,16,0.5035017132759094
1229,32,0.5675560235977173
1230,16,0.5497822165489197
1231,32,0.5031166076660156
1232,16,0.477474570274353
1233,32,0.5111960172653198
1234,16,0.5546966195106506
1235,32,0.43895483016967773
1236,16,0.4864282011985779
1237,32,0.42094093561172485
1238,16,0.5303616523742676
1239,32,0.5173147320747375
1240,16,0.5158830285072327
1241,32,0.43406328558921814
1242,16,0.4539756774902344
1243,32,0.37483248114585876
1244,16,0.48517295718193054
1245,32,0.5694774389266968
1246,16,0.476304829120636
1247,32,0.4476822316646576
1248,16,0.5336657762527466
1249,32,0.42519238591194153
1250,16,0.5108625888824463
1251,32,0.48687565326690674
1252,16,0.4708261787891388
1253,32,0.48651233315467834
1254,16,0.5083664059638977
1255,32,0.49225953221321106
1256,16,0.5199278593063354
1257,32,0.5506381988525391
1258,16,0.49219030141830444
1259,32,0.467204749584198
1260,16,0.46999043226242065
1261,32,0.47868582606315613
1262,16,0.5325751900672913
1263,32,0.3973388373851776
1264,16,0.5442014932632446
1265,32,0.4938029944896698
1266,16,0.5102501511573792
1267,32,0.4552830755710602
1268,16,0.513149619102478
1269,32,0.5555201768875122
1270,16,0.5222974419593811
1271,32,0.44277435541152954
1272,16,0.5472248792648315
1273,32,0.48002877831459045
1274,16,0.4796588718891144
1275,32,0.5193279385566711
1276,16,0.4797595143318176
1277,32,0.4668755531311035
1278,16,0.5011407732963562
1279,32,0.46109163761138916
1280,16,0.47049427032470703
1281,32,0.5354131460189819
1282,16,0.5455061197280884
1283,32,0.40107834339141846
1284,16,0.48093122243881226
1285,32,0.5109103322029114
1286,16,0.5012689232826233
1287,32,0.5731196999549866
1288,16,0.5685200691223145
1289,32,0.45520684123039246
1290,16,0.5179961919784546
1291,32,0.5898650884628296
1292,16,0.5219749212265015
1293,32,0.4303167462348938
1294,16,0.5338765978813171
1295,32,0.3916245996952057
1296,16,0.48916542530059814
1297,32,0.5347735285758972
1298,16,0.43093910813331604
1299,32,0.4260331690311432
1300,16,0.47911888360977173
1301,32,0.49341464042663574
1302,16,0.4774480164051056
1303,32,0.4473288357257843
1304,16,0.4718724489212036
1305,32,0.428086519241333
1306,16,0.4884338974952698
1307,32,0.4398258924484253
1308,16,0.47774702310562134
1309,32,0.4264170229434967
1310,16,0.5159150958061218
1311,32,0.5648274421691895
1312,16,0.4807383120059967
1313,32,0.4716518223285675
1314,16,0.47560298442840576
1315,32,0.531293511390686
1316,16,0.5603584051132202
1317,32,0.46567198634147644
1318,16,0.5001407265663147
1319,32,0.6617289781570435
1320,16,0.4991275668144226
1321,32,0.48727938532829285
1322,16,0.5199294090270996
1323,32,0.4990617632865906
1324,16,0.5032666921615601
1325,32,0.5624763369560242
1326,16,0.46190139651298523
1327,32,0.5317078232765198
1328,16,0.5196500420570374
1329,32,0.4542650282382965
1330,16,0.513961911201477
1331,32,0.47491949796676636
1332,16,0.5121284127235413
1333,32,0.533228874206543
1334,16,0.49497368931770325
1335,32,0.5215235352516174
1336,16,0.4901408851146698
1337,32,0.5646266937255859
1338,16,0.45515677332878113
1339,32,0.4084828495979309
1340,16,0.451109379529953
1341,32,0.5187366604804993
1342,16,0.5280289649963379
1343,32,0.42034777998924255
1344,16,0.4611399173736572
1345,32,0.5420283675193787
1346,16,0.4507862627506256
1347,32,0.5519029498100281
1348,16,0.516645073890686
1349,32,0.49371084570884705
1350,16,0.5109223127365112
1351,32,0.5705565214157104
1352,16,0.4731743633747101
1353,32,0.3893745243549347
1354,16,0.5190951228141785
1355,32,0.45594245195388794
1356,16,0.4395296573638916
1357,32,0.4734174907207489
1358,16,0.49989497661590576
1359,32,0.4340430796146393
1360,16,0.4950932562351227
1361,32,0.47542938590049744
1362,16,0.4866622984409332
1363,32,0.5685789585113525
1364,16,0.5012385249137878
1365,32,0.4684299826622009
1366,16,0.5169497728347778
1367,32,0.4065026640892029
1368,16,0.4735178053379059
1369,32,0.5299698710441589
1370,16,0.5129415988922119
1371,32,0.4913412928581238
1372,16,0.524439811706543
1373,32,0.43791887164115906
1374,16,0.4699454605579376
1375,32,0.5294467210769653
1376,16,0.4985548257827759
1377,32,0.5825392007827759
1378,16,0.4924468696117401
1379,32,0.4021015763282776
1380,16,0.5064213275909424
1381,32,0.547321617603302
1382,16,0.47393494844436646
1383,32,0.5567317008972168
1384,16,0.463239848613739
1385,32,0.4807167649269104
1386,16,0.5135987401008606
1387,32,0.5917973518371582
1388,16,0.5098253488540649
1389,32,0.4945729672908783
1390,16,0.5089226961135864
1391,32,0.4864461123943329
1392,16,0.457042396068573
1393,32,0.554694652557373
1394,16,0.469752699136734
1395,32,0.45601192116737366
1396,16,0.5056735277175903
1397,32,0.38739994168281555
1398,16,0.4765033721923828
1399,32,0.542041003704071
1400,16,0.43167322874069214
1401,32,0.4668218791484833
1402,16,0.4936418831348419
1403,32,0.5551641583442688
1404,16,0.473066121339798
1405,32,0.540172278881073
1406,16,0.46177035570144653
1407,32,0.4916965067386627
1408,16,0.4370889663696289
1409,32,0.3119385242462158
1410,16,0.5266806483268738
1411,32,0.42530080676078796
1412,16,0.4828398525714874
1413,32,0.5422420501708984
1414,16,0.5123383402824402
1415,32,0.49951305985450745
1416,16,0.5290643572807312
1417,32,0.3879733979701996
1418,16,0.5331478714942932
1419,32,0.4706915318965912
1420,16,0.5095733404159546
1421,32,0.425037145614624
1422,16,0.5615381598472595
1423,32,0.5995419025421143
1424,16,0.5218076705932617
1425,32,0.46531811356544495
1426,16,0.5127904415130615
1427,32,0.4473519027233124
1428,16,0.509285032749176
1429,32,0.5130411982536316
1430,16,0.4883115887641907
1431,32,0.43017226457595825
1432,16,0.46547138690948486
1433,32,0.5728184580802917
1434,16,0.466497004032135
1435,32,0.3955807685852051
1436,16,0.48528701066970825
1437,32,0.5919880270957947
1438,16,0.4903026819229126
1439,32,0.5108556151390076
1440,16,0.5177859663963318
1441,32,0.4379313290119171
1442,16,0.5208259224891663
1443,32,0.518149197101593
1444,16,0.4799031913280487
1445,32,0.4127245843410492
1446,16,0.4264969229698181
1447,32,0.546535849571228
1448,16,0.526729941368103
1449,32,0.4339098036289215
1450,16,0.47211119532585144
1451,32,0.4358062148094177
1452,16,0.5660887956619263
1453,32,0.492477148771286
1454,16,0.5040595531463623
1455,32,0.40052610635757446
1456,16,0.4921639859676361
1457,32,0.4992649257183075
1458,16,0.5733190774917603
1459,32,0.5071781277656555
1460,16,0.47458386421203613
1461,32,0.4861568808555603
1462,16,0.4531238079071045
1463,32,0.3975135385990143
1464,16,0.4800405502319336
1465,32,0.4597223103046417
1466,16,0.4755844175815582
1467,32,0.5483539700508118
1468,16,0.48737481236457825
1469,32,0.45876848697662354
1470,16,0.4970657229423523
1471,32,0.5843597650527954
1472,16,0.5000559687614441
1473,32,0.4114910364151001
1474,16,0.5654242634773254
1475,32,0.3659362494945526
1476,16,0.5197288393974304
1477,32,0.4899456799030304
1478,16,0.4683689475059509
1479,32,0.47123995423316956
1480,16,0.5188145041465759
1481,32,0.5513211488723755
1482,16,0.5133249163627625
1483,32,0.480497270822525
1484,16,0.510261058807373
1485,32,0.4348416030406952
1486,16,0.4798526167869568
1487,32,0.4654698967933655
1488,16,0.47394850850105286
1489,32,0.6017322540283203
1490,16,0.46172022819519043
1491,32,0.3912223279476166
1492,16,0.4831092953681946
1493,32,0.46605923771858215
1494,16,0.48170793056488037
1495,32,0.4893803000450134
1496,16,0.43472155928611755
1497,32,0.5907330513000488
1498,16,0.5200985670089722
1499,32,0.559744119644165
1500,16,0.5659860372543335
1501,32,0.400694340467453
1502,16,0.5288658738136292
1503,32,0.42055851221084595
1504,16,0.5268216133117676
1505,32,0.5086908340454102
1506,16,0.39538756012916565
1507,32,0.4971565008163452
1508,16,0.46552377939224243
1509,32,0.5085331201553345
1510,16,0.5063832998275757
1511,32,0.49597984552383423
1512,16,0.5369141101837158
1513,32,0.39498454332351685
1514,16,0.48909425735473633
1515,32,0.5194888114929199
1516,16,0.5094345211982727
1517,32,0.5806126594543457
1518,16,0.4281395673751831
1519,32,0.523720920085907
1520,16,0.5032719373703003
1521,32,0.5201801061630249
1522,16,0.4989835023880005
1523,32,0.5351818203926086
1524,16,0.5058603286743164
1525,32,0.41378462314605713
1526,16,0.5123113393783569
1527,32,0.6257883310317993
1528,16,0.391428142786026
1529,32,0.5118348002433777
1530,16,0.4718642830848694
1531,32,0.4150654375553131
1532,16,0.39803531765937805
1533,32,0.5377042889595032
1534,16,0.4797881543636322
1535,32,0.43744102120399475
1536,16,0.5705530643463135
1537,32,0.5434672832489014
1538,16,0.47463956475257874
1539,32,0.5095041394233704
1540,16,0.5096626281738281
1541,32,0.5687963962554932
1542,16,0.5014814734458923
1543,32,0.5105063915252686
1544,16,0.5078833103179932
1545,32,0.5343417525291443
1546,16,0.5081870555877686
1547,32,0.5121902227401733
1548,16,0.4574950635433197
1549,32,0.43630868196487427
1550,16,0.4815738797187805
1551,32,0.49689266085624695
1552,16,0.5046038627624512
1553,32,0.5389731526374817
1554,16,0.4785323441028595
1555,32,0.4270729422569275
1556,16,0.4483121931552887
1557,32,0.566300094127655
1558,16,0.4613856077194214
1559,32,0.5547911524772644
1560,16,0.5327417254447937
1561,32,0.4451195001602173
1562,16,0.5037350654602051
1563,32,0.4540184736251831
1564,16,0.5396645069122314
1565,32,0.5181058049201965
1566,16,0.5246359705924988
1567,32,0.4880905747413635
1568,16,0.5363124012947083
1569,32,0.39328452944755554
1570,16,0.46939408779144287
1571,32,0.48250314593315125
1572,16,0.5298745036125183
1573,32,0.5345626473426819
1574,16,0.45136576890945435
1575,32,0.5481284260749817
1576,16,0.46820545196533203
1577,32,0.5049055814743042
1578,16,0.4541260004043579
1579,32,0.4857952892780304
1580,16,0.435007244348526
1581,32,0.4503214657306671
1582,16,0.4488745331764221
1583,32,0.5389735698699951
1584,16,0.51780104637146
1585,32,0.4235204756259918
1586,16,0.47912701964378357
1587,32,0.5045350193977356
1588,16,0.4952085316181183
1589,32,0.4832285940647125
1590,16,0.4981938302516937
1591,32,0.5102591514587402
1592,16,0.5509763956069946
1593,32,0.37684980034828186
1594,16,0.5071234107017517
1595,32,0.49144232273101807
1596,16,0.49714845418930054
1597,32,0.5356547236442566
1598,16,0.4987354874610901
1599,32,0.45334336161613464
1600,16,0.4646848738193512
1601,32,0.49956682324409485
1602,16,0.5306764841079712
1603,32,0.45531612634658813
1604,16,0.4903799891471863
1605,32,0.44297999143600464
1606,16,0.5101746320724487
1607,32,0.44750308990478516
1608,16,0.45539960265159607
1609,32,0.47241151332855225
1610,16,0.4236608147621155
1611,32,0.47916996479034424
1612,16,0.46943163871765137
1613,32,0.4674700200557709
1614,16,0.44317570328712463
1615,32,0.40836453437805176
1616,16,0.47987186908721924
1617,32,0.464455783367157
1618,16,0.48312366008758545
1619,32,0.4698847532272339
1620,16,0.4724951982498169
1621,32,0.5696994662284851
1622,16,0.4764281213283539
1623,32,0.5153542160987854
1624,16,0.4617907702922821
1625,32,0.5383239388465881
1626,16,0.4912363886833191
1627,32,0.3268699049949646
1628,16,0.5015628933906555
1629,32,0.3968411684036255
1630,16,0.475217342376709
1631,32,0.44218170642852783
1632,16,0.532232403755188
1633,32,0.49206066131591797
1634,16,0.5107709169387817
1635,32,0.508424699306488
1636,16,0.4887997806072235
1637,32,0.42841795086860657
1638,16,0.5117431282997131
1639,32,0.44231387972831726
1640,16,0.5099349617958069
1641,32,0.47684916853904724
1642,16,0.480863481760025
1643,32,0.49265095591545105
1644,16,0.47013965249061584
1645,32,0.557609498500824
1646,16,0.46142855286598206
1647,32,0.5602981448173523
1648,16,0.49208691716194153
1649,32,0.5043381452560425
1650,16,0.4679003655910492
1651,32,0.4417940080165863
1652,16,0.5252726078033447
1653,32,0.4884357154369354
1654,16,0.5042307376861572
1655,32,0.5087657570838928
1656,16,0.40641385316848755
1657,32,0.48724597692489624
1658,16,0.49949416518211365
1659,32,0.4469740092754364
1660,16,0.45378339290618896
1661,32,0.38520365953445435
1662,16,0.4629603624343872
1663,32,0.45027461647987366
1664,16,0.4786601960659027
1665,32,0.4683245122432709
1666,16,0.46599021553993225
1667,32,0.4238426685333252
1668,16,0.5517213344573975
1669,32,0.42928779125213623
1670,16,0.49378761649131775
1671,32,0.4305168092250824
1672,16,0.4753948450088501
1673,32,0.4670829474925995
1674,16,0.5354242920875549
1675,32,0.514473557472229
1676,16,0.495379239320755
1677,32,0.4833226799964905
1678,16,0.4859538972377777
1679,32,0.5230404734611511
1680,16,0.4996313452720642
1681,32,0.5068766474723816
1682,16,0.5021709203720093
1683,32,0.4516589641571045
1684,16,0.48555827140808105
1685,32,0.45143091678619385
1686,16,0.5041496753692627
1687,32,0.4930335581302643
1688,16,0.5336490273475647
1689,32,0.522796094417572
1690,16,0.5063900947570801
1691,32,0.4090788960456848
1692,16,0.48282700777053833
1693,32,0.4160950183868408
1694,16,0.4809652268886566
1695,32,0.5228071808815002
1696,16,0.5363683104515076
1697,32,0.4503488838672638
1698,16,0.4909605085849762
1699,32,0.4689919054508209
1700,16,0.4760868549346924
1701,32,0.4192149043083191
1702,16,0.4624922573566437
1703,32,0.494356632232666
1704,16,0.4528326988220215
1705,32,0.43164682388305664
1706,16,0.5028488039970398
1707,32,0.5065888166427612
1708,16,0.44766470789909363
1709,32,0.37723639607429504
1710,16,0.47472047805786133
1711,32,0.44473180174827576
1712,16,0.47139447927474976
1713,32,0.5748172998428345
1714,16,0.4834909737110138
1715,32,0.5297194123268127
1716,16,0.4627016484737396
1717,32,0.5265582799911499
1718,16,0.47867003083229065
1719,32,0.5251890420913696
1720,16,0.5147330164909363
1721,32,0.5519477128982544
1722,16,0.49354812502861023
1723,32,0.4946403205394745
1724,16,0.45703279972076416
1725,32,0.4711341857910156
1726,16,0.5255544185638428
1727,32,0.40858399868011475
1728,16,0.431480348110199
1729,32,0.5329298973083496
1730,16,0.50436931848526
1731,32,0.6233394742012024
1732,16,0.5010097622871399
1733,32,0.46575671434402466
1734,16,0.4718179404735565
1735,32,0.3818376660346985
1736,16,0.4705663025379181
1737,32,0.5333943963050842
1738,16,0.500787615776062
1739,32,0.5610759854316711
1740,16,0.5399808883666992
1741,32,0.5544445514678955
1742,16,0.42298197746276855
1743,32,0.4143121540546417
1744,16,0.48067590594291687
1745,32,0.3908980190753937
1746,16,0.49665915966033936
1747,32,0.4314502477645874
1748,16,0.48802104592323303
1749,32,0.48038315773010254
1750,16,0.5073558688163757
1751,32,0.4730561673641205
1752,16,0.456893652677536
1753,32,0.5291262269020081
1754,16,0.47315168380737305
1755,32,0.47389036417007446
1756,16,0.5171357989311218
1757,32,0.46417492628097534
1758,16,0.46546855568885803
1759,32,0.42934316396713257
1760,16,0.4121774733066559
1761,32,0.4514337480068207
1762,16,0.4860813617706299
1763,32,0.3873884081840515
1764,16,0.5257844924926758
1765,32,0.39372071623802185
1766,16,0.48414263129234314
1767,32,0.4811069667339325
1768,16,0.48448672890663147
1769,32,0.5070408582687378
1770,16,0.4558642506599426
1771,32,0.4176037013530731
1772,16,0.5484339594841003
1773,32,0.44114434719085693
1774,16,0.46283358335494995
1775,32,0.38148489594459534
1776,16,0.46108898520469666
1777,32,0.4836566150188446
1778,16,0.4561502933502197
1779,32,0.4871387481689453
1780,16,0.46175146102905273
1781,32,0.49269747734069824
1782,16,0.5109899044036865
1783,32,0.46506980061531067
1784,16,0.4758231043815613
1785,32,0.49074774980545044
1786,16,0.47988325357437134
1787,32,0.37556421756744385
1788,16,0.4856199324131012
1789,32,0.5063280463218689
1790,16,0.5007264018058777
1791,32,0.40324920415878296
1792,16,0.47862333059310913
1793,32,0.43986329436302185
1794,16,0.4805790185928345
1795,32,0.4117238223552704
1796,16,0.4282429814338684
1797,32,0.5381025671958923
1798,16,0.48392024636268616
1799,32,0.4135609567165375
1800,16,0.5101515054702759
1801,32,0.44344139099121094
1802,16,0.491486519575119
1803,32,0.5032892227172852
1804,16,0.4670353829860687
1805,32,0.44464853405952454
1806,16,0.4949081242084503
1807,32,0.5220525860786438
1808,16,0.5139281749725342
1809,32,0.4295975863933563
1810,16,0.49520233273506165
1811,32,0.46622124314308167
1812,16,0.515498697757721
1813,32,0.5523701906204224
1814,16,0.48939183354377747
1815,32,0.4829287827014923
1816,16,0.511884331703186
1817,32,0.49075400829315186
1818,16,0.4927731454372406
1819,32,0.42634710669517517
1820,16,0.4673643112182617
1821,32,0.4312763214111328
1822,16,0.4592819809913635
1823,32,0.5783258676528931
1824,16,0.501962423324585
1825,32,0.44652655720710754
1826,16,0.49546879529953003
1827,32,0.5495900511741638
1828,16,0.4693357050418854
1829,32,0.42362621426582336
1830,16,0.47020795941352844
1831,32,0.4591742753982544
1832,16,0.528073787689209
1833,32,0.45101791620254517
1834,16,0.5098989009857178
1835,32,0.4666018784046173
1836,16,0.4551454782485962
1837,32,0.45046472549438477
1838,16,0.45036157965660095
1839,32,0.4877951145172119
1840,16,0.5048722624778748
1841,32,0.4731985330581665
1842,16,0.5084369778633118
1843,32,0.47799450159072876
1844,16,0.45397448539733887
1845,32,0.4959999620914459
1846,16,0.44453275203704834
1847,32,0.4095076024532318
1848,16,0.5063207745552063
1849,32,0.4798128604888916
1850,16,0.5010514259338379
1851,32,0.45731064677238464
1852,16,0.4748814105987549
1853,32,0.3726364076137543
1854,16,0.4925459325313568
1855,32,0.5648936033248901
1856,16,0.41120555996894836
1857,32,0.44577306509017944
1858,16,0.4169851541519165
1859,32,0.4080236256122589
1860,16,0.5118966102600098
1861,32,0.35561883449554443
1862,16,0.4974568784236908
1863,32,0.4998491704463959
1864,16,0.4624594748020172
1865,32,0.4462684392929077
1866,16,0.4796414375305176
1867,32,0.49972790479660034
1868,16,0.47930192947387695
1869,32,0.5028493404388428
1870,16,0.5165593028068542
1871,32,0.43881964683532715
1872,16,0.45869818329811096
1873,32,0.4186624586582184
1874,16,0.48655495047569275
1875,32,0.4439544379711151
1876,16,0.5184926986694336
1877,32,0.41299957036972046
1878,16,0.49708855152130127
1879,32,0.4301622807979584
1880,16,0.4946476221084595
1881,32,0.42018112540245056
1882,16,0.5340829491615295
1883,32,0.4913320541381836
1884,16,0.5275792479515076
1885,32,0.5392931699752808
1886,16,0.5434214472770691
1887,32,0.5028702020645142
1888,16,0.45956486463546753
1889,32,0.37664470076560974
1890,16,0.49914005398750305
1891,32,0.6013545989990234
1892,16,0.4575229287147522
1893,32,0.4931604266166687
1894,16,0.497518926858902
1895,32,0.5021604895591736
1896,16,0.4969422221183777
1897,32,0.39105260372161865
1898,16,0.44022783637046814
1899,32,0.5782650113105774
1900,16,0.4985078275203705
1901,32,0.46106284856796265
1902,16,0.49927645921707153
1903,32,0.5213994383811951
1904,16,0.4534769654273987
1905,32,0.4138352572917938
1906,16,0.4138559103012085
1907,32,0.44115328788757324
1908,16,0.45350468158721924
1909,32,0.34599196910858154
1910,16,0.4899672269821167
1911,32,0.47062209248542786
1912,16,0.4504961669445038
1913,32,0.3927270770072937
1914,16,0.42199161648750305
1915,32,0.3713865876197815
1916,16,0.4603719115257263
1917,32,0.4468693435192108
1918,16,0.4267311692237854
1919,32,0.4767709970474243
1920,16,0.46133309602737427
1921,32,0.37203463912010193
1922,16,0.4590199887752533
1923,32,0.5356704592704773
1924,16,0.45858824253082275
1925,32,0.5543583035469055
1926,16,0.442057341337204
1927,32,0.43485596776008606
1928,16,0.497111052274704
1929,32,0.5444011092185974
1930,16,0.4345531761646271
1931,32,0.33819296956062317
1932,16,0.4927859306335449
1933,32,0.3499535322189331
1934,16,0.4851286709308624
1935,32,0.397170752286911
1936,16,0.43782898783683777
1937,32,0.5212790966033936
1938,16,0.5343905091285706
1939,32,0.5104497075080872
1940,16,0.48612087965011597
1941,32,0.5099758505821228
1942,16,0.472358763217926
1943,32,0.5462584495544434
1944,16,0.4789055287837982
1945,32,0.5949774980545044
1946,16,0.496403306722641
1947,32,0.39621588587760925
1948,16,0.4645558297634125
1949,32,0.4908991754055023
1950,16,0.48110559582710266
1951,32,0.40206989645957947
1952,16,0.4392929673194885
1953,32,0.46507102251052856
1954,16,0.42404264211654663
1955,32,0.5075440406799316
1956,16,0.43100178241729736
1957,32,0.4786502420902252
1958,16,0.41556352376937866
1959,32,0.5173255801200867
1960,16,0.4276878833770752
1961,32,0.4943320155143738
1962,16,0.46139439940452576
1963,32,0.44608074426651
1964,16,0.46681252121925354
1965,32,0.3780863881111145
1966,16,0.4882556200027466
1967,32,0.4446409046649933
1968,16,0.5058768391609192
1969,32,0.47665056586265564
1970,16,0.507102906703949
1971,32,0.4234136939048767
1972,16,0.49123498797416687
1973,32,0.4884636104106903
1974,16,0.4779549539089203
1975,32,0.4472305476665497
1976,16,0.4531576931476593
1977,32,0.4564168453216553
1978,16,0.47592443227767944
1979,32,0.49898576736450195
1980,16,0.4978913962841034
1981,32,0.41459813714027405
1982,16,0.5021497011184692
1983,32,0.44696786999702454
1984,16,0.4759462773799896
1985,32,0.45448628067970276
1986,16,0.5099496245384216
1987,32,0.5817521810531616
1988,16,0.4855753779411316
1989,32,0.487147718667984
1990,16,0.48986390233039856
1991,32,0.543054461479187
1992,16,0.4726888835430145
1993,32,0.41653886437416077
1994,16,0.4997759163379669
1995,32,0.48876041173934937
1996,16,0.5059989094734192
1997,32,0.5264203548431396
1998,16,0.500970721244812
1999,32,0.4419649839401245
